-- MySQL dump 10.13  Distrib 8.0.19, for Win64 (x86_64)
--
-- Host: 127.0.0.1    Database: mmadb2
-- ------------------------------------------------------
-- Server version	8.0.19

/*!40101 SET @OLD_CHARACTER_SET_CLIENT=@@CHARACTER_SET_CLIENT */;
/*!40101 SET @OLD_CHARACTER_SET_RESULTS=@@CHARACTER_SET_RESULTS */;
/*!40101 SET @OLD_COLLATION_CONNECTION=@@COLLATION_CONNECTION */;
/*!50503 SET NAMES utf8 */;
/*!40103 SET @OLD_TIME_ZONE=@@TIME_ZONE */;
/*!40103 SET TIME_ZONE='+00:00' */;
/*!40014 SET @OLD_UNIQUE_CHECKS=@@UNIQUE_CHECKS, UNIQUE_CHECKS=0 */;
/*!40014 SET @OLD_FOREIGN_KEY_CHECKS=@@FOREIGN_KEY_CHECKS, FOREIGN_KEY_CHECKS=0 */;
/*!40101 SET @OLD_SQL_MODE=@@SQL_MODE, SQL_MODE='NO_AUTO_VALUE_ON_ZERO' */;
/*!40111 SET @OLD_SQL_NOTES=@@SQL_NOTES, SQL_NOTES=0 */;

--
-- Table structure for table `covidtest`
--

DROP TABLE IF EXISTS `covidtest`;
/*!40101 SET @saved_cs_client     = @@character_set_client */;
/*!50503 SET character_set_client = utf8mb4 */;
CREATE TABLE `covidtest` (
  `idCovidTest` int NOT NULL,
  `testDate` varchar(45) DEFAULT NULL,
  `result` tinyint DEFAULT NULL,
  PRIMARY KEY (`idCovidTest`)
) ENGINE=InnoDB DEFAULT CHARSET=utf8mb4 COLLATE=utf8mb4_0900_ai_ci;
/*!40101 SET character_set_client = @saved_cs_client */;

--
-- Dumping data for table `covidtest`
--

LOCK TABLES `covidtest` WRITE;
/*!40000 ALTER TABLE `covidtest` DISABLE KEYS */;
INSERT INTO `covidtest` VALUES (0,'no test',1),(1,'2021-07-24',0),(2,'2021-05-08',0),(3,'2021-05-08',0),(4,'2021-05-08',0),(5,'2021-05-08',0),(6,'2021-05-08',0),(7,'2021-05-08',0),(8,'2021-05-08',1),(9,'2021-05-08',0),(10,'2021-05-08',0),(11,'2021-05-08',0),(12,'2021-05-08',0),(13,'2021-05-08',0),(4911,'2021-05-16',0),(4912,'2021-05-23',0),(4913,'2021-05-16',0),(4914,'2021-05-30',0),(4915,'2021-05-16',0),(4916,'2021-05-16',0),(4917,'2021-05-16',0),(4918,'2021-05-16',0),(4919,'2021-05-16',0),(4920,'2021-05-16',0),(4922,'2021-05-16',0),(4923,'2021-05-16',0),(4924,'2021-05-16',0),(4925,'2021-05-16',0),(4926,'2021-05-16',0),(4928,'2021-05-16',0),(4929,'2021-05-16',1),(4930,'2021-05-16',0),(4931,'2021-05-16',0),(4932,'2021-05-16',0),(4933,'2021-05-16',0),(4935,'2021-05-16',0),(4936,'2021-05-16',0),(4937,'2021-05-16',0),(4938,'2021-05-16',0),(4939,'2021-05-16',0),(4940,'2021-05-16',0),(4941,'2021-05-16',0),(4943,'2021-05-23',0),(4944,'2021-05-16',0),(4945,'2021-05-16',0),(4946,'2021-05-16',0),(4947,'2021-05-16',0),(4948,'2021-05-16',0),(4949,'2021-05-16',0),(4950,'2021-05-16',0),(4952,'2021-05-16',0),(4953,'2021-05-16',1),(4954,'2021-05-16',0),(4955,'2021-05-16',0),(4956,'2021-05-16',1),(4957,'2021-05-16',0),(4959,'2021-05-16',1),(4960,'2021-05-23',0),(4961,'2021-05-16',0),(4962,'2021-05-30',0),(4963,'2021-05-16',0),(4964,'2021-05-16',0),(4965,'2021-05-16',0),(4966,'2021-05-16',0),(4967,'2021-05-16',0),(4968,'2021-05-16',0),(4970,'2021-05-16',0),(4971,'2021-05-16',0),(4972,'2021-05-16',1),(4973,'2021-05-16',0),(4974,'2021-05-16',1),(4976,'2021-05-16',0),(4977,'2021-05-16',0),(4978,'2021-05-16',0),(4979,'2021-05-16',0),(4980,'2021-05-16',0),(4982,'2021-05-16',0),(4983,'2021-05-16',0),(4984,'2021-05-16',0),(4985,'2021-05-16',0),(4986,'2021-05-16',0),(4987,'2021-05-16',0),(4988,'2021-05-16',0),(4989,'2021-05-16',1),(4991,'2021-05-16',0),(4992,'2021-05-16',0),(4993,'2021-05-16',0),(4994,'2021-05-16',0),(4995,'2021-05-16',0),(4996,'2021-05-16',0),(4998,'2021-05-16',0),(4999,'2021-05-16',0),(5000,'2021-05-16',0),(5001,'2021-05-16',0),(5002,'2021-05-16',0),(5003,'2021-05-16',0),(5004,'2021-05-16',0),(5011,'2021-05-16',0),(5012,'2021-05-16',0),(5013,'2021-05-16',0),(5014,'2021-05-16',1),(5015,'2021-05-16',0),(5017,'2021-05-16',0),(5018,'2021-05-16',0),(5019,'2021-05-16',0),(5020,'2021-05-16',0),(5021,'2021-05-16',0),(5022,'2021-05-16',0),(5023,'2021-05-16',0),(5024,'2021-05-16',0),(5025,'2021-05-23',0),(5027,'2021-05-23',0),(5029,'2021-05-23',0),(5034,'2021-05-16',0),(5035,'2021-05-16',0),(5036,'2021-05-16',1),(5037,'2021-05-16',0),(5038,'2021-05-16',0),(5040,'2021-05-16',1),(5041,'2021-05-16',0),(5042,'2021-05-16',0),(5043,'2021-05-16',0),(5044,'2021-05-16',0),(5045,'2021-05-16',0),(5046,'2021-05-16',0),(5047,'2021-05-16',0),(5048,'2021-05-23',0),(5049,'2021-05-30',0),(5051,'2021-05-23',0),(5052,'2021-05-30',0),(5054,'2021-05-23',0),(5055,'2021-05-30',0),(5060,'2021-05-16',0),(5061,'2021-05-16',0),(5062,'2021-05-16',0),(5063,'2021-05-16',0),(5064,'2021-05-16',0),(5066,'2021-05-16',0),(5067,'2021-05-16',0),(5068,'2021-05-16',0),(5069,'2021-05-16',0),(5070,'2021-05-16',0),(5071,'2021-05-16',0),(5072,'2021-05-16',0),(5073,'2021-05-16',1),(5074,'2021-05-23',0),(5076,'2021-05-23',0),(5078,'2021-05-23',0),(5083,'2021-05-16',0),(5084,'2021-05-16',0),(5085,'2021-05-16',0),(5086,'2021-05-16',0),(5087,'2021-05-16',0),(5089,'2021-05-16',1),(5090,'2021-05-16',0),(5091,'2021-05-16',1),(5092,'2021-05-16',0),(5093,'2021-05-16',0),(5094,'2021-05-16',0),(5095,'2021-05-16',0),(5096,'2021-05-16',0),(5097,'2021-05-23',0),(5098,'2021-05-30',0),(5100,'2021-05-23',1),(5101,'2021-05-30',0),(5103,'2021-05-23',0),(5104,'2021-05-30',0),(5106,'2021-05-23',0),(5108,'2021-05-23',0),(5111,'2021-05-16',0),(5112,'2021-05-16',0),(5113,'2021-05-16',0),(5114,'2021-05-16',0),(5116,'2021-05-16',0),(5117,'2021-05-16',1),(5118,'2021-05-16',0),(5119,'2021-05-16',0),(5120,'2021-05-16',0),(5121,'2021-05-16',0),(5122,'2021-05-16',0),(5123,'2021-05-16',0),(5124,'2021-05-16',0),(5125,'2021-05-23',0),(5127,'2021-05-23',0),(5129,'2021-05-23',0),(5134,'2021-05-16',0),(5135,'2021-05-16',0),(5136,'2021-05-16',0),(5137,'2021-05-16',0),(5139,'2021-05-16',0),(5140,'2021-05-16',0),(5141,'2021-05-16',1),(5142,'2021-05-16',0),(5143,'2021-05-16',0),(5144,'2021-05-16',1),(5145,'2021-05-16',0),(5146,'2021-05-16',0),(5147,'2021-05-16',0),(5148,'2021-05-23',0),(5149,'2021-05-30',0),(5151,'2021-05-23',0),(5152,'2021-05-30',0),(5154,'2021-05-23',0),(5155,'2021-05-30',0),(5167,'2021-05-16',0),(5168,'2021-05-16',0),(5169,'2021-05-16',0),(5170,'2021-05-16',0),(5171,'2021-05-16',0),(5172,'2021-05-16',1),(5173,'2021-05-16',0),(5174,'2021-05-16',0),(5175,'2021-05-16',0),(5176,'2021-05-16',0),(5177,'2021-05-16',0),(5178,'2021-05-16',0),(5179,'2021-05-16',0),(5181,'2021-05-16',0),(5182,'2021-05-16',0),(5183,'2021-05-16',0),(5184,'2021-05-16',0),(5185,'2021-05-16',0),(5187,'2021-05-16',0),(5188,'2021-05-16',1),(5189,'2021-05-16',0),(5190,'2021-05-16',0),(5191,'2021-05-16',0),(5192,'2021-05-16',0),(5193,'2021-05-16',0),(5194,'2021-05-16',0),(5196,'2021-05-16',1),(5197,'2021-05-16',1),(5198,'2021-05-16',0),(5199,'2021-05-16',0),(5200,'2021-05-16',0),(5202,'2021-05-16',1),(5203,'2021-05-16',0),(5204,'2021-05-16',0),(5205,'2021-05-16',0),(5206,'2021-05-16',0),(5207,'2021-05-16',0),(5208,'2021-05-16',0),(5209,'2021-05-16',0),(5210,'2021-05-23',0),(5211,'2021-05-30',0),(5212,'2021-06-06',1),(5214,'2021-05-23',0),(5215,'2021-05-30',0),(5216,'2021-06-06',0),(5218,'2021-05-23',0),(5219,'2021-05-30',0),(5220,'2021-06-06',0),(5222,'2021-05-23',0),(5228,'2021-05-16',0),(5229,'2021-05-16',0),(5230,'2021-05-16',0),(5231,'2021-05-16',0),(5232,'2021-05-16',0),(5234,'2021-05-16',0),(5235,'2021-05-16',0),(5236,'2021-05-16',0),(5237,'2021-05-16',0),(5238,'2021-05-16',0),(5239,'2021-05-16',0),(5240,'2021-05-16',0),(5241,'2021-05-16',0),(5244,'2021-05-16',0),(5245,'2021-05-16',0),(5246,'2021-05-16',0),(5247,'2021-05-16',0),(5249,'2021-05-16',1),(5250,'2021-05-16',0),(5251,'2021-05-16',0),(5252,'2021-05-16',1),(5253,'2021-05-16',0),(5254,'2021-05-16',0),(5255,'2021-05-16',0),(5256,'2021-05-16',0),(5257,'2021-05-16',0),(5258,'2021-05-23',0),(5259,'2021-05-30',0),(5262,'2021-05-16',0),(5263,'2021-05-23',0),(5264,'2021-05-16',0),(5265,'2021-05-30',1),(5266,'2021-05-16',0),(5267,'2021-05-16',0),(5268,'2021-05-16',0),(5269,'2021-05-16',1),(5270,'2021-05-16',0),(5272,'2021-05-16',0),(5273,'2021-05-16',0),(5274,'2021-05-16',0),(5275,'2021-05-16',0),(5276,'2021-05-16',0),(5277,'2021-05-16',0),(5279,'2021-05-16',0),(5280,'2021-05-16',0),(5281,'2021-05-16',0),(5282,'2021-05-16',0),(5283,'2021-05-16',0),(5285,'2021-05-16',1),(5286,'2021-05-16',0),(5287,'2021-05-16',0),(5288,'2021-05-16',1),(5289,'2021-05-16',0),(5290,'2021-05-16',1),(5291,'2021-05-16',1),(5292,'2021-05-16',0),(5293,'2021-05-23',0),(5294,'2021-05-30',0),(5295,'2021-06-06',0),(5296,'2021-06-13',1),(5298,'2021-05-23',0),(5299,'2021-05-30',0),(5300,'2021-06-06',0),(5301,'2021-06-13',0),(5304,'2021-05-23',0),(5305,'2021-05-16',0),(5306,'2021-05-30',0),(5307,'2021-05-16',0),(5308,'2021-06-06',0),(5309,'2021-05-16',0),(5310,'2021-06-13',0),(5311,'2021-05-16',1),(5312,'2021-05-16',0),(5313,'2021-05-16',0),(5314,'2021-05-16',0),(5315,'2021-05-16',1),(5317,'2021-05-16',0),(5318,'2021-05-16',0),(5319,'2021-05-16',0),(5320,'2021-05-16',0),(5321,'2021-05-16',0),(5323,'2021-05-16',0),(5324,'2021-05-23',0),(5325,'2021-05-16',0),(5326,'2021-05-30',0),(5327,'2021-05-16',0),(5328,'2021-06-06',0),(5329,'2021-05-16',0),(5330,'2021-06-13',0),(5331,'2021-05-16',0),(5332,'2021-06-20',0),(5333,'2021-05-16',0),(5334,'2021-06-27',0),(5335,'2021-05-16',1),(5336,'2021-05-16',1),(5337,'2021-05-16',0),(5338,'2021-05-16',1),(5340,'2021-05-16',0),(5341,'2021-05-16',0),(5342,'2021-05-16',1),(5344,'2021-05-15',0),(5345,'2021-05-15',1),(5346,'2021-05-15',0),(5347,'2021-05-15',1),(5349,'2021-05-15',0),(5350,'2021-05-15',1),(5351,'2021-05-15',0),(5352,'2021-05-15',1),(5353,'2021-05-15',0),(5354,'2021-05-15',0),(5355,'2021-05-15',0),(5356,'2021-05-15',0),(5357,'2021-05-15',0),(5358,'2021-05-22',0),(5359,'2021-05-29',0),(5360,'2021-06-05',0),(5361,'2021-06-12',0),(5363,'2021-05-22',0),(5364,'2021-05-29',0),(5365,'2021-06-05',0),(5366,'2021-06-12',0),(5369,'2021-05-15',0),(5370,'2021-05-22',0),(5371,'2021-05-15',0),(5372,'2021-05-29',0),(5373,'2021-05-15',0),(5374,'2021-06-05',0),(5375,'2021-05-15',1),(5376,'2021-06-12',0),(5377,'2021-05-15',0),(5378,'2021-05-15',0),(5379,'2021-05-15',1),(5380,'2021-05-15',0),(5381,'2021-05-15',0),(5383,'2021-05-15',1),(5384,'2021-05-15',0),(5385,'2021-05-15',0),(5386,'2021-05-15',1),(5388,'2021-05-16',1),(5389,'2021-05-16',0),(5390,'2021-05-16',0),(5391,'2021-05-16',1),(5392,'2021-05-16',0),(5394,'2021-05-16',0),(5395,'2021-05-16',0),(5396,'2021-05-16',0),(5397,'2021-05-16',1),(5398,'2021-05-16',0),(5399,'2021-05-16',0),(5400,'2021-05-16',0),(5401,'2021-05-16',0),(5402,'2021-05-23',0),(5403,'2021-05-30',1),(5404,'2021-06-06',0),(5407,'2021-05-23',0),(5408,'2021-05-16',0),(5409,'2021-05-30',0),(5410,'2021-05-16',0),(5411,'2021-06-06',0),(5412,'2021-05-16',0),(5413,'2021-05-16',1),(5414,'2021-05-16',1),(5415,'2021-05-16',0),(5416,'2021-05-16',0),(5418,'2021-05-16',0),(5419,'2021-05-16',0),(5420,'2021-05-16',0),(5421,'2021-05-16',0),(5422,'2021-05-16',0),(5423,'2021-05-16',0),(5424,'2021-05-23',0),(5425,'2021-05-30',0),(5426,'2021-06-06',0),(5427,'2021-06-13',0),(5429,'2021-05-23',0),(5430,'2021-05-30',0),(5432,'2021-05-23',0),(5433,'2021-05-30',0),(5436,'2021-05-16',0),(5437,'2021-05-16',0),(5438,'2021-05-16',0),(5439,'2021-05-16',0),(5440,'2021-05-16',1),(5442,'2021-05-16',0),(5443,'2021-05-16',0),(5444,'2021-05-16',0),(5445,'2021-05-16',0),(5446,'2021-05-16',0),(5447,'2021-05-16',1),(5448,'2021-05-16',0),(5449,'2021-05-16',0),(5450,'2021-05-23',0),(5451,'2021-05-30',0),(5454,'2021-05-16',0),(5455,'2021-05-23',0),(5456,'2021-05-16',0),(5457,'2021-05-30',0),(5458,'2021-05-16',0),(5459,'2021-05-16',0),(5460,'2021-05-16',1),(5461,'2021-05-16',0),(5462,'2021-05-16',0),(5464,'2021-05-16',0),(5465,'2021-05-16',0),(5466,'2021-05-16',0),(5467,'2021-05-16',0),(5468,'2021-05-16',0),(5469,'2021-05-16',0),(5470,'2021-05-23',0),(5471,'2021-05-30',0),(5473,'2021-05-23',0),(5475,'2021-05-23',0),(5478,'2021-05-16',0),(5479,'2021-05-16',0),(5480,'2021-05-16',0),(5481,'2021-05-16',0),(5482,'2021-05-16',0),(5484,'2021-05-16',0),(5485,'2021-05-16',0),(5486,'2021-05-16',0),(5487,'2021-05-16',0),(5488,'2021-05-16',0),(5489,'2021-05-16',1),(5490,'2021-05-16',0),(5491,'2021-05-16',0),(5492,'2021-05-23',0),(5494,'2021-05-23',0),(5496,'2021-05-23',0),(5500,'2021-05-16',0),(5501,'2021-05-16',0),(5502,'2021-05-16',0),(5503,'2021-05-16',0),(5504,'2021-05-16',0),(5506,'2021-05-16',0),(5507,'2021-05-16',0),(5508,'2021-05-16',0),(5509,'2021-05-16',1),(5510,'2021-05-16',0),(5511,'2021-05-16',0),(5512,'2021-05-16',0),(5513,'2021-05-16',0),(5514,'2021-05-23',0),(5516,'2021-05-23',0),(5518,'2021-05-23',0),(5521,'2021-05-16',0),(5522,'2021-05-16',0),(5523,'2021-05-16',0),(5524,'2021-05-16',0),(5525,'2021-05-16',1),(5527,'2021-05-16',1),(5528,'2021-05-16',0),(5529,'2021-05-16',0),(5530,'2021-05-16',0),(5531,'2021-05-16',0),(5532,'2021-05-16',0),(5533,'2021-05-16',0),(5534,'2021-05-16',0),(5535,'2021-05-23',0),(5536,'2021-05-30',0),(5538,'2021-05-23',0),(5539,'2021-05-30',1),(5542,'2021-05-23',1),(5543,'2021-05-16',1),(5544,'2021-05-30',1),(5545,'2021-05-16',0),(5546,'2021-05-16',0),(5547,'2021-05-16',0),(5548,'2021-05-16',0),(5549,'2021-05-16',0),(5551,'2021-05-16',0),(5552,'2021-05-16',0),(5553,'2021-05-16',0),(5554,'2021-05-16',0),(5555,'2021-05-16',0),(5556,'2021-05-16',0),(5557,'2021-05-16',0),(5558,'2021-05-23',0),(5559,'2021-05-30',0),(5560,'2021-06-06',0),(5562,'2021-05-23',0),(5563,'2021-05-30',0),(5564,'2021-06-06',0),(5566,'2021-05-23',1),(5567,'2021-05-30',0),(5569,'2021-05-23',0),(5570,'2021-05-30',0),(5572,'2021-05-23',0),(5573,'2021-05-30',0),(5575,'2021-05-23',0),(5576,'2021-05-30',1),(5578,'2021-05-16',1),(5579,'2021-05-16',1),(5580,'2021-05-16',1),(5581,'2021-05-16',1),(5582,'2021-05-16',0),(5584,'2021-05-16',0),(5585,'2021-05-16',0),(5586,'2021-05-16',0),(5587,'2021-05-16',0),(5588,'2021-05-16',0),(5589,'2021-05-16',0),(5590,'2021-05-16',0),(5591,'2021-05-16',0),(5593,'2021-05-16',0),(5594,'2021-05-23',0),(5595,'2021-05-16',0),(5596,'2021-05-30',0),(5597,'2021-05-16',0),(5598,'2021-06-06',0),(5599,'2021-05-16',0),(5600,'2021-06-13',0),(5601,'2021-05-16',0),(5602,'2021-05-23',0),(5603,'2021-05-16',0),(5604,'2021-05-30',0),(5605,'2021-05-16',0),(5606,'2021-06-06',0),(5607,'2021-05-16',0),(5608,'2021-06-13',0),(5609,'2021-05-16',1),(5610,'2021-05-23',0),(5611,'2021-05-16',0),(5612,'2021-05-30',0),(5613,'2021-05-16',0),(5614,'2021-06-06',0),(5615,'2021-05-16',0),(5616,'2021-06-13',0),(5617,'2021-05-16',0),(5619,'2021-06-23',0),(5620,'2021-06-23',0),(5621,'2021-06-23',0),(5628,'2021-05-16',0),(5629,'2021-05-16',0),(5630,'2021-05-16',0),(5631,'2021-05-16',0),(5632,'2021-05-16',0),(5634,'2021-05-16',0),(5635,'2021-05-16',1),(5636,'2021-05-16',1),(5637,'2021-05-16',0),(5638,'2021-05-16',0),(5639,'2021-05-16',1),(5640,'2021-05-16',0),(5641,'2021-05-16',0),(5643,'2021-05-16',0),(5644,'2021-05-23',0),(5645,'2021-05-16',0),(5646,'2021-05-30',0),(5647,'2021-05-16',1),(5648,'2021-06-06',0),(5649,'2021-05-16',0),(5650,'2021-05-23',0),(5651,'2021-05-16',0),(5652,'2021-05-30',0),(5653,'2021-05-16',0),(5654,'2021-06-06',0),(5655,'2021-05-16',0),(5656,'2021-05-16',1),(5657,'2021-05-23',1),(5658,'2021-05-16',1),(5659,'2021-05-30',0),(5660,'2021-05-16',0),(5661,'2021-06-06',0),(5662,'2021-05-16',0),(5663,'2021-05-23',0),(5664,'2021-05-16',0),(5665,'2021-05-16',0),(5668,'2021-05-16',0),(5669,'2021-05-23',1),(5670,'2021-05-16',0),(5671,'2021-05-30',0),(5672,'2021-05-16',0),(5673,'2021-06-06',0),(5674,'2021-05-16',0),(5675,'2021-06-13',0),(5676,'2021-05-16',0),(5677,'2021-05-16',0),(5678,'2021-05-16',0),(5679,'2021-05-16',0),(5680,'2021-05-16',0),(5682,'2021-05-16',0),(5683,'2021-05-16',1),(5684,'2021-05-16',0),(5685,'2021-05-16',1),(5687,'2021-05-16',0),(5688,'2021-05-23',0),(5689,'2021-05-16',0),(5690,'2021-05-30',0),(5691,'2021-05-16',0),(5692,'2021-06-06',0),(5693,'2021-05-16',0),(5694,'2021-06-13',0),(5695,'2021-05-16',0),(5696,'2021-06-20',0),(5697,'2021-05-16',0),(5698,'2021-05-23',0),(5699,'2021-05-16',0),(5700,'2021-05-30',0),(5701,'2021-05-16',0),(5702,'2021-06-06',1),(5703,'2021-05-16',0),(5704,'2021-06-13',0),(5705,'2021-05-16',0),(5706,'2021-05-23',0),(5707,'2021-05-16',0),(5708,'2021-05-30',0),(5709,'2021-05-16',1),(5710,'2021-05-23',0),(5711,'2021-05-16',0),(5714,'2021-05-16',0),(5715,'2021-05-23',0),(5716,'2021-05-16',0),(5717,'2021-05-30',0),(5718,'2021-05-16',0),(5719,'2021-06-06',0),(5720,'2021-05-16',0),(5721,'2021-06-13',0),(5722,'2021-05-16',0),(5723,'2021-06-20',0),(5724,'2021-05-16',0),(5725,'2021-05-16',0),(5726,'2021-05-16',1),(5727,'2021-05-16',0),(5728,'2021-05-16',0),(5730,'2021-05-16',0),(5731,'2021-05-16',0),(5732,'2021-05-16',1),(5734,'2021-05-23',0),(5735,'2021-05-16',0),(5736,'2021-05-30',0),(5737,'2021-05-16',0),(5738,'2021-06-06',0),(5739,'2021-05-16',0),(5740,'2021-06-13',0),(5741,'2021-05-16',0),(5742,'2021-06-20',0),(5743,'2021-05-16',0),(5744,'2021-06-27',0),(5745,'2021-05-16',0),(5746,'2021-05-23',1),(5747,'2021-05-16',0),(5748,'2021-05-30',0),(5749,'2021-05-16',0),(5750,'2021-06-06',0),(5751,'2021-05-16',0),(5752,'2021-06-13',0),(5753,'2021-05-16',0),(5754,'2021-06-20',0),(5755,'2021-05-16',0),(5756,'2021-06-27',0),(5757,'2021-05-16',0),(5758,'2021-05-16',0),(5759,'2021-05-23',0),(5760,'2021-05-30',1),(5761,'2021-06-06',0),(5762,'2021-06-13',1),(5763,'2021-06-20',0),(5764,'2021-05-23',0),(5765,'2021-05-30',0),(5766,'2021-06-06',0),(5767,'2021-06-13',0),(5770,'2021-05-23',0),(5771,'2021-05-16',1),(5772,'2021-05-30',0),(5773,'2021-05-16',0),(5774,'2021-06-06',0),(5775,'2021-05-16',0),(5776,'2021-06-13',0),(5777,'2021-05-16',0),(5778,'2021-06-20',0),(5779,'2021-05-16',1),(5780,'2021-05-16',0),(5781,'2021-05-16',1),(5782,'2021-05-16',0),(5783,'2021-05-16',0),(5785,'2021-05-16',0),(5786,'2021-05-16',0),(5787,'2021-05-16',0),(5788,'2021-05-16',0),(5790,'2021-05-16',0),(5791,'2021-05-23',0),(5792,'2021-05-16',0),(5793,'2021-05-30',0),(5794,'2021-05-16',1),(5795,'2021-06-06',0),(5796,'2021-05-16',0),(5797,'2021-06-13',0),(5798,'2021-05-16',0),(5799,'2021-06-20',0),(5800,'2021-05-16',0),(5801,'2021-06-27',0),(5802,'2021-05-16',0),(5803,'2021-07-04',0),(5804,'2021-05-16',0),(5805,'2021-05-23',0),(5806,'2021-05-16',0),(5807,'2021-05-30',0),(5808,'2021-05-16',0),(5809,'2021-06-06',0),(5810,'2021-05-16',0),(5811,'2021-06-13',0),(5812,'2021-05-16',0),(5813,'2021-06-20',0),(5814,'2021-05-16',0),(5815,'2021-05-23',1),(5816,'2021-05-30',0),(5817,'2021-06-06',0),(5818,'2021-06-13',0),(5819,'2021-06-20',1),(5820,'2021-05-23',0),(5821,'2021-05-30',0),(5822,'2021-06-06',0),(5824,'2021-06-23',0),(5825,'2021-06-30',0),(5826,'2021-07-07',0),(5827,'2021-07-14',1),(5828,'2021-07-21',0),(5829,'2021-07-28',1),(5830,'2021-06-23',0),(5831,'2021-06-30',0),(5832,'2021-07-07',0),(5833,'2021-07-14',0),(5834,'2021-07-21',0),(5835,'2021-07-28',0),(5836,'2021-06-23',0),(5837,'2021-06-30',0),(5838,'2021-07-07',0),(5839,'2021-07-14',0),(5840,'2021-07-21',0),(5841,'2021-06-23',1),(5842,'2021-06-30',0),(5843,'2021-07-07',0),(5844,'2021-07-14',0),(5846,'2021-07-23',0),(5847,'2021-07-30',0),(5848,'2021-07-23',0),(5849,'2021-07-30',0),(5850,'2021-07-23',0),(5851,'2021-07-30',0),(5852,'2021-07-23',0),(5855,'2021-05-23',0),(5856,'2021-05-16',0),(5857,'2021-05-16',0),(5858,'2021-05-16',0),(5859,'2021-05-16',0),(5860,'2021-05-16',0),(5862,'2021-05-16',0),(5863,'2021-05-16',0),(5864,'2021-05-16',0),(5865,'2021-05-16',0),(5866,'2021-05-16',0),(5867,'2021-05-16',0),(5868,'2021-05-16',0),(5869,'2021-05-16',0),(5870,'2021-05-30',0),(5872,'2021-06-06',0),(5874,'2021-06-13',1),(5876,'2021-06-20',0),(5879,'2021-05-16',1),(5880,'2021-05-23',0),(5881,'2021-05-16',1),(5882,'2021-05-23',0),(5883,'2021-05-16',0),(5884,'2021-05-16',1),(5885,'2021-05-16',0),(5886,'2021-05-16',0),(5887,'2021-05-16',0),(5889,'2021-05-16',0),(5890,'2021-05-16',0),(5891,'2021-05-16',0),(5892,'2021-05-16',0),(5893,'2021-05-16',0),(5894,'2021-05-16',0),(5895,'2021-06-23',0),(5896,'2021-06-30',0),(5897,'2021-07-07',0),(5898,'2021-07-14',0),(5899,'2021-06-23',0),(5900,'2021-06-30',0),(5901,'2021-07-07',0),(5902,'2021-06-23',0),(5903,'2021-06-30',0),(5904,'2021-07-07',0),(5911,'2021-05-16',0),(5912,'2021-05-16',0),(5913,'2021-05-16',0),(5914,'2021-05-16',0),(5916,'2021-05-16',0),(5917,'2021-05-16',0),(5918,'2021-05-16',0),(5919,'2021-05-16',0),(5920,'2021-05-16',0),(5921,'2021-05-16',0),(5922,'2021-05-16',0),(5923,'2021-05-16',0),(5924,'2021-05-16',0),(5928,'2021-05-16',0),(5929,'2021-05-16',0),(5930,'2021-05-16',0),(5931,'2021-05-16',0),(5932,'2021-05-16',1),(5934,'2021-05-16',0),(5935,'2021-05-16',0),(5936,'2021-05-16',0),(5937,'2021-05-16',0),(5938,'2021-05-16',0),(5939,'2021-05-16',0),(5940,'2021-05-16',0),(5941,'2021-05-16',0),(5942,'2021-06-23',0),(5943,'2021-06-23',0),(5944,'2021-06-23',0),(5948,'2021-05-16',0),(5949,'2021-05-16',0),(5950,'2021-05-16',0),(5951,'2021-05-16',0),(5952,'2021-05-16',0),(5954,'2021-05-16',1),(5955,'2021-05-16',1),(5956,'2021-05-16',0),(5957,'2021-05-16',0),(5958,'2021-05-16',0),(5959,'2021-05-16',0),(5960,'2021-05-16',1),(5961,'2021-05-16',1),(5963,'2021-05-16',1),(5964,'2021-05-16',1),(5965,'2021-05-16',0),(5966,'2021-05-16',0),(5967,'2021-05-16',0),(5969,'2021-05-16',0),(5970,'2021-05-16',0),(5971,'2021-05-16',1),(5972,'2021-05-16',0),(5973,'2021-05-16',0),(5974,'2021-05-16',0),(5975,'2021-05-16',0),(5976,'2021-05-16',1),(5977,'2021-05-30',1),(5978,'2021-06-06',0),(5979,'2021-06-13',0),(5980,'2021-06-20',0),(5982,'2021-06-06',0),(5983,'2021-06-13',0),(5984,'2021-06-20',0),(5985,'2021-06-27',0),(5987,'2021-06-13',0),(5988,'2021-06-20',1),(5989,'2021-06-27',0),(5990,'2021-07-04',0),(5993,'2021-05-23',0),(5994,'2021-05-16',0),(5995,'2021-05-30',1),(5996,'2021-05-16',0),(5997,'2021-05-23',0),(5998,'2021-05-16',0),(5999,'2021-05-16',0),(6000,'2021-05-23',0),(6001,'2021-05-16',0),(6002,'2021-05-23',0),(6003,'2021-05-16',0),(6004,'2021-05-16',0),(6005,'2021-05-16',1),(6006,'2021-05-16',0),(6007,'2021-05-16',1),(6009,'2021-05-16',0),(6010,'2021-05-16',1),(6011,'2021-05-16',0),(6013,'2021-05-02',0),(6014,'2021-05-02',0),(6015,'2021-05-02',1),(6016,'2021-05-02',0),(6017,'2021-05-02',0),(6019,'2021-05-02',0),(6020,'2021-05-02',0),(6021,'2021-05-02',0),(6022,'2021-05-02',0),(6023,'2021-05-02',0),(6024,'2021-05-02',0),(6025,'2021-05-02',0),(6026,'2021-05-02',0),(6027,'2021-05-16',0),(6029,'2021-05-23',0),(6032,'2021-05-02',0),(6033,'2021-05-09',0),(6034,'2021-05-02',0),(6035,'2021-05-02',0),(6036,'2021-05-02',0),(6037,'2021-05-02',0),(6038,'2021-05-02',0),(6040,'2021-05-02',0),(6041,'2021-05-02',0),(6042,'2021-05-02',0),(6043,'2021-05-02',0),(6044,'2021-05-02',1),(6045,'2021-05-02',0),(6046,'2021-05-02',0),(6047,'2021-06-09',0),(6048,'2021-06-16',0),(6049,'2021-06-09',0),(6050,'2021-06-16',0),(6051,'2021-06-09',0),(6052,'2021-06-16',0),(6053,'2021-06-09',0),(6055,'2021-07-09',0),(6056,'2021-07-09',0),(6057,'2021-07-09',0),(6058,'2021-07-09',0),(6060,'2021-08-09',1),(6061,'2021-08-09',0),(6062,'2021-08-09',0),(6063,'2021-08-09',0),(6066,'2021-05-02',0),(6067,'2021-05-02',0),(6068,'2021-05-02',0),(6069,'2021-05-02',0),(6070,'2021-05-02',0),(6072,'2021-05-02',0),(6073,'2021-05-02',0),(6074,'2021-05-02',0),(6075,'2021-05-02',0),(6076,'2021-05-02',0),(6077,'2021-05-02',1),(6078,'2021-05-02',0),(6079,'2021-05-02',0),(6081,'2021-05-16',0),(6082,'2021-05-16',0),(6083,'2021-05-16',0),(6084,'2021-05-16',0),(6085,'2021-05-16',0),(6087,'2021-05-16',0),(6088,'2021-05-16',0),(6089,'2021-05-16',0),(6090,'2021-05-16',0),(6091,'2021-05-16',0),(6092,'2021-05-16',0),(6093,'2021-05-16',0),(6094,'2021-05-16',0),(6098,'2021-05-16',0),(6099,'2021-05-16',0),(6100,'2021-05-16',0),(6101,'2021-05-16',0),(6102,'2021-05-16',0),(6104,'2021-05-16',0),(6105,'2021-05-16',1),(6106,'2021-05-16',0),(6107,'2021-05-16',0),(6108,'2021-05-16',0),(6109,'2021-05-16',0),(6110,'2021-05-16',0),(6111,'2021-05-16',0),(6113,'2021-04-29',0),(6114,'2021-04-29',0),(6115,'2021-04-29',0),(6116,'2021-04-29',0),(6117,'2021-04-29',0),(6119,'2021-04-29',0),(6120,'2021-04-29',0),(6121,'2021-04-29',0),(6122,'2021-04-29',0),(6123,'2021-04-29',0),(6124,'2021-04-29',0),(6125,'2021-04-29',0),(6126,'2021-04-29',0),(6131,'2021-04-29',0),(6132,'2021-04-29',0),(6133,'2021-04-29',0),(6134,'2021-04-29',0),(6135,'2021-04-29',0),(6137,'2021-04-29',0),(6138,'2021-04-29',1),(6139,'2021-04-29',0),(6140,'2021-04-29',1),(6141,'2021-04-29',0),(6142,'2021-04-29',1),(6143,'2021-04-29',0),(6144,'2021-04-29',0),(6145,'2021-06-05',0),(6146,'2021-06-12',0),(6147,'2021-06-19',0),(6148,'2021-06-05',0),(6149,'2021-06-12',0),(6150,'2021-06-19',0),(6151,'2021-06-05',0),(6152,'2021-06-12',1),(6153,'2021-06-19',0),(6154,'2021-06-05',0),(6156,'2021-07-06',0),(6157,'2021-07-06',0),(6162,'2021-04-29',0),(6163,'2021-04-29',1),(6164,'2021-04-29',0),(6165,'2021-04-29',0),(6166,'2021-04-29',0),(6168,'2021-04-29',0),(6169,'2021-04-29',0),(6170,'2021-04-29',0),(6171,'2021-04-29',0),(6172,'2021-04-29',0),(6173,'2021-04-29',0),(6174,'2021-04-29',1),(6175,'2021-04-29',0),(6177,'2021-05-16',0),(6178,'2021-05-16',0),(6179,'2021-05-16',0),(6180,'2021-05-16',0),(6181,'2021-05-16',0),(6183,'2021-05-16',0),(6184,'2021-05-16',0),(6185,'2021-05-16',0),(6186,'2021-05-16',0),(6187,'2021-05-16',0),(6188,'2021-05-16',0),(6189,'2021-05-16',1),(6190,'2021-05-16',0),(6191,'2021-05-30',0),(6193,'2021-06-06',0),(6196,'2021-05-16',0),(6197,'2021-05-23',0),(6198,'2021-05-16',0),(6199,'2021-05-16',0),(6200,'2021-05-16',0),(6201,'2021-05-16',1),(6202,'2021-05-16',0),(6204,'2021-05-16',0),(6205,'2021-05-16',0),(6206,'2021-05-16',1),(6207,'2021-05-16',0),(6208,'2021-05-16',0),(6209,'2021-05-16',1),(6210,'2021-05-16',0),(6211,'2021-06-23',0),(6212,'2021-06-30',1),(6213,'2021-07-07',0),(6214,'2021-06-23',0),(6215,'2021-06-30',0),(6216,'2021-07-07',0),(6217,'2021-06-23',0),(6218,'2021-06-30',0),(6219,'2021-07-07',0),(6220,'2021-06-23',0),(6224,'2021-05-16',0),(6225,'2021-05-16',0),(6226,'2021-05-16',0),(6227,'2021-05-16',0),(6228,'2021-05-16',0),(6230,'2021-05-16',0),(6231,'2021-05-16',0),(6232,'2021-05-16',1),(6233,'2021-05-16',0),(6234,'2021-05-16',0),(6235,'2021-05-16',0),(6236,'2021-05-16',0),(6237,'2021-05-16',0),(6238,'2021-05-30',0),(6240,'2021-06-06',0),(6242,'2021-06-13',0),(6248,'2021-05-16',0),(6249,'2021-05-16',0),(6250,'2021-05-16',0),(6251,'2021-05-16',0),(6252,'2021-05-16',0),(6254,'2021-05-16',1),(6255,'2021-05-16',1),(6256,'2021-05-16',1),(6257,'2021-05-16',1),(6258,'2021-05-16',0),(6259,'2021-05-16',0),(6260,'2021-05-16',0),(6261,'2021-05-16',0),(6262,'2021-06-23',0),(6263,'2021-06-30',0),(6264,'2021-07-07',0),(6265,'2021-07-14',0),(6266,'2021-06-23',0),(6267,'2021-06-30',1),(6268,'2021-07-07',0),(6269,'2021-07-14',1),(6270,'2021-06-23',0),(6271,'2021-06-30',0),(6272,'2021-07-07',0),(6273,'2021-07-14',0),(6274,'2021-06-23',0),(6275,'2021-06-30',1),(6277,'2021-07-23',0),(6278,'2021-07-30',0),(6279,'2021-07-23',1),(6280,'2021-07-23',0),(6281,'2021-07-23',1),(6283,'2021-08-23',0),(6284,'2021-08-23',0),(6285,'2021-08-23',0),(6290,'2021-05-16',0),(6291,'2021-05-16',0),(6292,'2021-05-16',0),(6293,'2021-05-16',0),(6295,'2021-05-16',0),(6296,'2021-05-16',0),(6297,'2021-05-16',0),(6298,'2021-05-16',0),(6299,'2021-05-16',0),(6300,'2021-05-16',0),(6301,'2021-05-16',0),(6302,'2021-05-16',0),(6303,'2021-05-16',0),(6305,'2021-05-16',0),(6306,'2021-05-16',0),(6307,'2021-05-16',0),(6308,'2021-05-16',0),(6309,'2021-05-16',0),(6310,'2021-05-16',0),(6312,'2021-05-16',0),(6313,'2021-05-16',0),(6314,'2021-05-16',0),(6315,'2021-05-16',0),(6316,'2021-05-16',0),(6317,'2021-05-16',0),(6318,'2021-05-16',1),(6320,'2021-05-16',0),(6321,'2021-05-23',0),(6322,'2021-05-16',0),(6323,'2021-05-16',0),(6324,'2021-05-16',0),(6325,'2021-05-16',0),(6326,'2021-05-16',1),(6327,'2021-05-16',0),(6329,'2021-05-16',0),(6330,'2021-05-16',0),(6331,'2021-05-16',0),(6332,'2021-05-16',0),(6333,'2021-05-16',0),(6334,'2021-05-16',0),(6335,'2021-05-30',0),(6336,'2021-06-06',0),(6338,'2021-06-06',0),(6339,'2021-06-13',0),(6341,'2021-06-13',0),(6346,'2021-05-16',0),(6347,'2021-05-16',0),(6349,'2021-05-16',0),(6350,'2021-05-16',0),(6351,'2021-05-16',0),(6352,'2021-05-16',0),(6353,'2021-05-16',0),(6354,'2021-05-16',0),(6355,'2021-05-16',0),(6356,'2021-05-16',0),(6357,'2021-05-16',0),(6358,'2021-05-16',0),(6359,'2021-05-16',1),(6360,'2021-05-30',0),(6362,'2021-06-06',1),(6364,'2021-06-13',0),(6366,'2021-06-20',0),(6368,'2021-06-27',0),(6372,'2021-05-16',1),(6373,'2021-05-16',1),(6374,'2021-05-16',1),(6375,'2021-05-16',0),(6376,'2021-05-16',0),(6377,'2021-05-16',0),(6378,'2021-05-16',0),(6380,'2021-05-16',0),(6381,'2021-05-16',0),(6382,'2021-05-16',0),(6383,'2021-05-16',0),(6384,'2021-05-16',0),(6385,'2021-05-16',0),(6386,'2021-06-23',0),(6387,'2021-06-30',0),(6388,'2021-07-07',0),(6389,'2021-06-23',0),(6390,'2021-06-30',0),(6391,'2021-07-07',1),(6392,'2021-06-23',0),(6393,'2021-06-30',0),(6394,'2021-07-07',0),(6395,'2021-06-23',0),(6397,'2021-07-23',0);
/*!40000 ALTER TABLE `covidtest` ENABLE KEYS */;
UNLOCK TABLES;

--
-- Table structure for table `fighter`
--

DROP TABLE IF EXISTS `fighter`;
/*!40101 SET @saved_cs_client     = @@character_set_client */;
/*!50503 SET character_set_client = utf8mb4 */;
CREATE TABLE `fighter` (
  `idFighter` int NOT NULL AUTO_INCREMENT,
  `firstname` varchar(45) DEFAULT NULL,
  `lastname` varchar(45) DEFAULT NULL,
  `weight` float DEFAULT NULL,
  `initialTestId` int NOT NULL,
  `secondTestId` int NOT NULL,
  `inQuarantine` tinyint DEFAULT NULL,
  `color` varchar(45) DEFAULT NULL,
  `countNegatives` int DEFAULT NULL,
  PRIMARY KEY (`idFighter`),
  KEY `fk_fighter_covidtest_idx` (`initialTestId`),
  KEY `fk_fighter_covidtest1_idx` (`secondTestId`),
  CONSTRAINT `fk_fighter_covidtest` FOREIGN KEY (`initialTestId`) REFERENCES `covidtest` (`idCovidTest`) ON DELETE RESTRICT ON UPDATE RESTRICT,
  CONSTRAINT `fk_fighter_covidtest1` FOREIGN KEY (`secondTestId`) REFERENCES `covidtest` (`idCovidTest`) ON DELETE RESTRICT ON UPDATE RESTRICT
) ENGINE=InnoDB AUTO_INCREMENT=4861 DEFAULT CHARSET=utf8mb4 COLLATE=utf8mb4_0900_ai_ci;
/*!40101 SET character_set_client = @saved_cs_client */;

--
-- Dumping data for table `fighter`
--

LOCK TABLES `fighter` WRITE;
/*!40000 ALTER TABLE `fighter` DISABLE KEYS */;
INSERT INTO `fighter` VALUES (3699,'Aljamainaa','Sterling',97,6372,6392,0,'lightgray',3),(3701,'Alexander','Volkanovski',99,6373,6393,0,'lightgray',3),(3703,'Kamaru','Usman',101,6391,6397,0,'lightgray',3),(3705,'Israel','Adesanya',93,5884,6375,0,'lightgray',3),(3707,'Jan','Blachowicz',102,6201,6376,0,'lightgray',3),(3709,'Francis','Ngannou',94,6326,6377,0,'lightgray',3),(3711,'Zhang','Weili',92,6267,6378,0,'lightgray',3),(3713,'Kim','Kardonk',96,6256,6380,0,'lightgray',3),(3715,'Darius','Danescu',100,6281,6381,0,'lightgray',3),(3867,'George','Loga',100,6007,6382,0,'lightgray',3),(4736,'George Alexandrulescu','Logatron',50,6142,6383,0,'lightgray',3),(4853,'Sergiu','Magdas',80,6209,6384,0,'lightgray',3),(4860,'Marian','Tarian',100,6362,6385,0,'lightgray',4);
/*!40000 ALTER TABLE `fighter` ENABLE KEYS */;
UNLOCK TABLES;

--
-- Table structure for table `hibernate_sequence`
--

DROP TABLE IF EXISTS `hibernate_sequence`;
/*!40101 SET @saved_cs_client     = @@character_set_client */;
/*!50503 SET character_set_client = utf8mb4 */;
CREATE TABLE `hibernate_sequence` (
  `next_val` bigint DEFAULT NULL
) ENGINE=InnoDB DEFAULT CHARSET=utf8mb4 COLLATE=utf8mb4_0900_ai_ci;
/*!40101 SET character_set_client = @saved_cs_client */;

--
-- Dumping data for table `hibernate_sequence`
--

LOCK TABLES `hibernate_sequence` WRITE;
/*!40000 ALTER TABLE `hibernate_sequence` DISABLE KEYS */;
INSERT INTO `hibernate_sequence` VALUES (6399);
/*!40000 ALTER TABLE `hibernate_sequence` ENABLE KEYS */;
UNLOCK TABLES;

--
-- Table structure for table `matcht`
--

DROP TABLE IF EXISTS `matcht`;
/*!40101 SET @saved_cs_client     = @@character_set_client */;
/*!50503 SET character_set_client = utf8mb4 */;
CREATE TABLE `matcht` (
  `idMatchT` int NOT NULL,
  `idFighter1` int NOT NULL,
  `idFighter2` int NOT NULL,
  `idTournament` int NOT NULL,
  `winner` int DEFAULT NULL,
  `rounds` int DEFAULT NULL,
  `dateTimeStart` varchar(45) DEFAULT NULL,
  PRIMARY KEY (`idMatchT`),
  KEY `fk_fighter_has_tournament_tournament1_idx` (`idTournament`),
  KEY `fk_fighter_has_tournament_fighter1_idx` (`idFighter1`),
  KEY `fk_match_fighter1_idx` (`idFighter2`),
  CONSTRAINT `fk_fighter_has_tournament_fighter1` FOREIGN KEY (`idFighter1`) REFERENCES `fighter` (`idFighter`),
  CONSTRAINT `fk_fighter_has_tournament_tournament1` FOREIGN KEY (`idTournament`) REFERENCES `tournament` (`idTournament`),
  CONSTRAINT `fk_match_fighter1` FOREIGN KEY (`idFighter2`) REFERENCES `fighter` (`idFighter`)
) ENGINE=InnoDB DEFAULT CHARSET=utf8mb4 COLLATE=utf8mb4_0900_ai_ci;
/*!40101 SET character_set_client = @saved_cs_client */;

--
-- Dumping data for table `matcht`
--

LOCK TABLES `matcht` WRITE;
/*!40000 ALTER TABLE `matcht` DISABLE KEYS */;
INSERT INTO `matcht` VALUES (6379,3699,3701,6371,3701,4,'2021-05-16'),(6396,3705,3707,6371,3705,3,'2021-06-16'),(6398,3703,3709,6371,3709,4,'2021-07-16');
/*!40000 ALTER TABLE `matcht` ENABLE KEYS */;
UNLOCK TABLES;

--
-- Table structure for table `tournament`
--

DROP TABLE IF EXISTS `tournament`;
/*!40101 SET @saved_cs_client     = @@character_set_client */;
/*!50503 SET character_set_client = utf8mb4 */;
CREATE TABLE `tournament` (
  `idTournament` int NOT NULL AUTO_INCREMENT,
  `title` varchar(45) NOT NULL,
  `location` varchar(45) DEFAULT NULL,
  `dateTimeStart` varchar(45) DEFAULT NULL,
  `type` varchar(45) DEFAULT NULL,
  PRIMARY KEY (`idTournament`)
) ENGINE=InnoDB AUTO_INCREMENT=6372 DEFAULT CHARSET=utf8mb4 COLLATE=utf8mb4_0900_ai_ci;
/*!40101 SET character_set_client = @saved_cs_client */;

--
-- Dumping data for table `tournament`
--

LOCK TABLES `tournament` WRITE;
/*!40000 ALTER TABLE `tournament` DISABLE KEYS */;
INSERT INTO `tournament` VALUES (6345,'Tur Title','Aleea Azur','2021-05-16','Weekly'),(6371,'Tur Title','Aleea Azur','2021-05-16','Monthly');
/*!40000 ALTER TABLE `tournament` ENABLE KEYS */;
UNLOCK TABLES;
/*!40103 SET TIME_ZONE=@OLD_TIME_ZONE */;

/*!40101 SET SQL_MODE=@OLD_SQL_MODE */;
/*!40014 SET FOREIGN_KEY_CHECKS=@OLD_FOREIGN_KEY_CHECKS */;
/*!40014 SET UNIQUE_CHECKS=@OLD_UNIQUE_CHECKS */;
/*!40101 SET CHARACTER_SET_CLIENT=@OLD_CHARACTER_SET_CLIENT */;
/*!40101 SET CHARACTER_SET_RESULTS=@OLD_CHARACTER_SET_RESULTS */;
/*!40101 SET COLLATION_CONNECTION=@OLD_COLLATION_CONNECTION */;
/*!40111 SET SQL_NOTES=@OLD_SQL_NOTES */;

-- Dump completed on 2021-05-17  0:33:11
